协褋锌褉械褋褋芯	218
袗屑械褉懈泻邪薪芯 0.25	322
袗屑械褉懈泻邪薪芯 0.35	322
Ice 邪屑械褉懈泻邪薪芯	322
肖谢褝褌 褍邪泄褌	468
袣邪锌褍褔懈薪芯 0.25	541
袣邪锌褍褔懈薪芯 0.35	541
Ice 泻邪锌褍褔懈薪芯	504
袥邪褌褌械	541
Ice 谢邪褌褌械	541
袣邪泻邪芯	411
袦芯泻泻芯	630
袪邪褎	774
Ice 袦芯泻泻芯	616
协褋锌褉械褋褋芯 褌芯薪懈泻	718
袘邪屑斜谢 泻芯褎械	1726
袦邪褌褔邪 谢邪褌褌械	738
Ice 屑邪褌褔邪 谢邪褌褌械	806
Ice 屑邪褌褔邪 谢邪褌褌械 PEACH ME	892
Ice 屑邪褌褔邪 泻褉邪褋薪褘泄 邪锌械谢褜褋懈薪	892
肖褉邪锌锌械 屑邪褌褔邪	1018
肖褉邪锌锌械 屑邪褌褔邪 泻谢褍斜薪懈泻邪	1125
效邪泄 芯斜谢械锌懈褏邪	376
孝邪褕泻械薪褌褋泻懈泄 褔邪泄	353
袦邪谢懈薪芯胁褘泄 褔邪泄	409
小屑褍蟹懈 泻懈胁懈-褟斜谢芯泻芯-斜邪薪邪薪	666
小屑褍蟹懈 械卸械胁懈泻邪-斜邪薪邪薪	528
小屑褍蟹懈 蟹邪胁褌褉邪泻	750
小屑褍蟹懈 褋芯谢薪械褔薪褘泄 斜褉懈蟹	600
小屑褍蟹懈 GREEN ENERGY	729
小屑褍蟹懈 泻谢褍斜薪懈褔薪褘泄	901
袦懈谢泻褕械泄泻 泻邪褉邪屑械谢褜	762
袦懈谢泻褕械泄泻 芯褉械芯	911
袥懈屑芯薪邪写 褑懈褌褉褍褋	620
袥懈屑芯薪邪写 谢械褋薪褘械 褟谐芯写褘	752
袥懈屑芯薪邪写 谐褉械泄锌褎褉褍褌-谢邪胁邪薪写邪	532
肖褉械褕 邪锌械谢褜褋懈薪	1602
